ticker,AAPL,ACI,AEP,AGIO,AMAT,APA,APTV,ASML,AVGO,BAP,BATT.AS,BBVA.MC,BCS,BND,BOTZ.L,C,CIB,COIN,CSIQ,DAR,DUK,EXC,FLOA.L,FSLR,GC=F,GILD,GIS,GOOGL,HCA,ING,INGR,JKS,JPY=X,KMB,LEVI,MA,MAXN,MC.PA,MMM,MO,MSFT,MXN=X,NEE,NVDA,PANW,PCG,PEP,PLTR,QCOM,SDIA.L,SHELL.AS,SMFG,SPY,SQM,TSM,V,VBTC.DE,VHYD.L,VWO,WMT,YPF,YUM,YUMC,^VIX
AAPL,1.0,0.5966973764187865,0.8993483320635117,-0.484333643488922,0.9689210774032944,0.07777068745995752,0.5307265549990579,0.9749509153215743,0.8634892382148769,0.6792180879732148,0.8655260753451139,0.32331193001205505,0.012608328154263852,0.7136697497478872,0.7382734319749651,-0.14361006039322516,0.5126046789204961,0.36497744010264116,0.3667211608105525,0.8465121744580169,0.8929094747751881,0.7896283264106937,0.87297345958313,0.3798114824854922,0.8230264388663714,0.77671301498672,0.8484653801755572,0.9810695197624854,0.9663509396646915,0.20047941871532107,0.7961201417137848,0.550935859140175,0.564039102811518,0.8373371594739646,0.132294065533242,0.9651214053449926,-0.7269577255923809,0.9477020486838534,0.7109022304957491,0.8321214498665287,0.9882291891594173,0.6870971714191677,0.9414349869614799,0.8224925925639163,0.9462884150495962,0.04938533096158637,0.902189061101576,0.5761476263470147,0.9476190243176696,0.8527806595258901,0.747458189968901,0.005741996169125942,0.9703635862379416,0.77728532794675,0.963519982190048,0.9508727950685771,0.665802968528016,0.942654437031316,0.8018866231384253,0.9365663189038979,-0.029213393981878503,0.9330082363034229,0.47085066570991774,-0.023377671850091857
ACI,0.5966973764187865,1.0,0.464143901176157,-0.5577388758567429,0.5217359083303741,0.6460398967893592,-0.19081536296285095,0.5569571511659333,0.3931328228206842,0.23363540675539754,0.5525607875829013,0.482336735433176,0.3707051136813236,-0.5668763395908691,0.18662389587245481,0.16326370451742753,0.3863749795326683,-0.07382223678336321,-0.39263355040593223,0.12416989633414924,0.5628243722578095,0.8192874090707395,0.4013098872210473,0.4158653022503294,0.27906971493667243,0.4327196557486484,0.4168312742564552,0.5742092988050842,0.6385502215996309,0.5152986199842524,0.4803893426454857,-0.1581010224276457,0.6226200516243472,0.1194371298407318,0.02632671401688382,0.37184431967229153,-0.44422310851038704,0.5083854639315118,-0.21119580073606084,0.5119743518889708,0.5619926092463208,-0.4704391409748146,0.19686063895209313,0.35811681392674893,0.578967222272762,0.48226958993493474,0.6785718604568596,0.14941663946389663,0.3257795919893501,0.03803053466633179,0.6937253914090752,0.3883060311237692,0.5258136115002267,0.4191422767907783,0.2553353802854268,0.3760245347560334,0.16154049733463638,0.5861622025900538,-0.04377697918174387,0.3248757279067173,0.352972539890523,0.7104785420444863,-0.36033988807753425,-0.27796688246742185
AEP,0.8993483320635117,0.464143901176157,1.0,-0.45420685451035464,0.8745571572018929,0.2933913236336502,0.6066971159479854,0.8875017131861159,0.7616601774741338,0.8736313745991257,0.607825419076204,0.15568324681172907,0.10034367247279556,0.8650496913322904,0.31137610157719725,-0.007524937257839993,0.6659977748970015,0.24392330539443852,0.3955639577006939,0.8233823196275691,0.9919608969295877,0.9080064176784552,0.8104353300982384,0.13820953186988835,0.8379428818587051,0.9025381843792812,0.9597276231028659,0.9262027140004333,0.9084268117053749,0.15443391249586136,0.9128093169889927,0.519563044116108,0.44343907983230507,0.97886796963226,0.08885706034460125,0.96057330442534,-0.6227830659426468,0.8998881704792301,0.9336088264667894,0.9620898739247217,0.9019479628815543,0.8676388507315741,0.9687098598972327,0.6739742632127846,0.8321570656757659,0.43792498873997293,0.9834701981175638,0.700145677331735,0.9215987676085474,0.8378144928207594,0.7190537795879126,-0.13330858646869254,0.9656341180519014,0.8068525570300119,0.878668997812237,0.9656030858173116,0.6207814438057283,0.9000260336960744,0.8387091520562847,0.9491220245913118,0.010457466798805475,0.9809853069685792,0.44637255773427675,-0.04832833685960498
AGIO,-0.484333643488922,-0.5577388758567429,-0.45420685451035464,1.0,-0.4342585725681215,0.09769110194608227,-0.1347910199427444,-0.4670365508476713,-0.34408435317510655,0.06092121165753688,-0.5412259270702204,-0.1688611047643361,0.12566684053945806,-0.2712329453347989,0.6080890272311358,-0.035038795842675295,-0.06921650742163918,0.674895963368908,-0.12827670319827594,-0.4725008279027681,-0.450467856115828,-0.49122859198077634,-0.4340035456570804,-0.41810410473910675,-0.45957420358114653,0.018431436552999086,-0.5395272713731362,-0.4525466306577955,-0.4291468249913128,-0.1351891755363767,-0.1718600818980766,-0.3657689564784615,-0.26211413552853724,-0.47541561033736646,0.43302923180788183,-0.46177702704125195,0.08951772248582048,-0.5089451648468615,0.23938625406078493,-0.1758444697327924,-0.48235465097704,-0.15342944877893167,-0.4812164903892396,-0.29844823153243233,-0.40375999031321086,0.49716666283643624,-0.5235043429543971,0.15495721570466242,-0.473688811919921,-0.5147771442676778,-0.2997103858255467,-0.12912402144567392,-0.4340119254323411,-0.45324891898680353,-0.39154455584931686,-0.44686360500986916,0.32356725353327437,-0.39663073440732155,-0.26487956475186225,-0.40404574263801096,0.25460723479660785,-0.4767672574224632,-0.3652048061922443,-0.207812824503719
AMAT,0.9689210774032944,0.5217359083303741,0.8745571572018929,-0.4342585725681215,1.0,0.10396304919897782,0.5428175165284653,0.9831527372703126,0.8655442231755638,0.6216794247011838,0.8449409293046447,0.3984417527792453,0.09624053328718103,0.668227161875677,0.8046454677707393,-0.015442192972918706,0.4433528577523804,0.603682074510648,0.3277239204998445,0.7887605045042705,0.874542715076258,0.7871236634117108,0.855362734648907,0.4202403942192162,0.7542848473357033,0.720235920848988,0.8204504276313359,0.9742716101685196,0.9637904773252307,0.2906411811754051,0.7514017685878925,0.4899209163357124,0.5980056898533833,0.8186063616207186,0.36742782089479886,0.9391664753611837,-0.6897125239034019,0.930087651044112,0.7049739784888844,0.8085068174923783,0.9827199066243913,0.6232274322883842,0.9066772848861546,0.8506203622616145,0.9334270629747601,0.07911699090118876,0.88426069940147,0.4282068896870724,0.9378735437094994,0.8118747699519198,0.7664756815439274,0.07975922216552092,0.9531417984440822,0.706587450022257,0.9599470750999987,0.9275559486427908,0.6804145410306919,0.9510277712729247,0.7882058248122734,0.9266774219703903,-0.020246185382464938,0.8842308888791163,0.3587909669388973,-0.0463311152451955
APA,0.07777068745995752,0.6460398967893592,0.2933913236336502,0.09769110194608227,0.10396304919897782,1.0,-0.6508111647218052,-0.18539830858268183,-0.5041301048118179,0.12489048976777928,0.14948770910498527,0.08149945978445727,0.5461656721314239,-0.838719078093093,-0.7171665356851448,0.222655837764523,0.49308552829496044,-0.7720012347040731,-0.2848943969320907,-0.01925508378907362,0.35307973915568186,0.5853753944469796,-0.04543438506666752,0.15975367141533106,-0.03724412614368215,0.17236355061699057,0.4183982073058153,-0.6607652905860715,-0.6252679939476817,0.10936113860814692,-0.07248377361147337,-0.3566429135643317,-0.5659485491238018,0.36960808159300357,-0.07123536700315147,-0.759655076138511,-0.004106526564991577,-0.5945761704740913,0.41715847294410674,0.34234112250979093,0.0076046028879437465,-0.7261594061345933,0.18766273858972746,-0.2544325639510521,-0.4858191779989172,0.7309012600514265,0.357461939853358,-0.4466738260862651,0.09833073736080412,-0.5166139974569366,-0.41028806427791137,0.06673089973959982,-0.04532324790846599,0.25207963116365334,-0.29041878812368976,-0.7928154277975354,-0.5555774362582889,-0.5101195616677898,-0.49110285326941105,0.270435531855643,0.7658885067754239,-0.16645780470132304,-0.4577352690140581,-0.016875635810471475
APTV,0.5307265549990579,-0.19081536296285095,0.6066971159479854,-0.1347910199427444,0.5428175165284653,-0.6508111647218052,1.0,0.6196916920703942,0.1885702764058145,0.26687109004779264,0.4253735157773104,-0.048654547718444845,-0.25459970834501855,0.7512236726659773,-0.1473704150528746,0.5507250885236638,-0.33451931213049685,0.08352616638331277,0.7098917233190648,0.7728929535799917,0.5798418617468047,0.5445032612502079,-0.32686342772301435,0.3565061045206336,0.17350927790235005,0.29912476374977437,0.5796237449033469,0.5724698268228028,0.5184106291756951,0.2912704559933952,0.34537360650085897,0.7507918934635014,0.33964978326801487,0.6513890718744526,0.579068675659146,0.5765842783741518,0.6611107370831475,0.7043136268215209,0.5804307722120685,0.43749692950459995,0.5165697277667196,0.6333101059100011,0.7425663554131299,0.10577412783135924,0.28999497792759465,-0.5039880977211977,0.6740352653775531,-0.4393053239701167,0.5696868038248106,0.05338352038434025,0.15237252075166208,-0.09683177797189499,0.5660657296727213,0.4908841949511974,0.46678571738001123,0.5831583044708805,-0.4075983530620793,0.4358506840964912,0.7073335462890016,0.3641697326657895,-0.5386724579069888,0.6361134714969755,0.6581506807747333,0.12480992054053575
ASML,0.9749509153215743,0.5569571511659333,0.8875017131861159,-0.4670365508476713,0.9831527372703126,-0.18539830858268183,0.6196916920703942,1.0,0.8035841720050501,0.6507183567545041,0.9001329562650768,0.304815032411852,-0.2019733623406078,0.7165205589984245,0.7455118127603446,-0.3466243882386511,0.48213902585597596,0.5736685241008852,0.4080467307550268,0.8600532604403861,0.8930867878088661,0.7816723243096158,0.7610039324223958,0.3746946807438573,0.7816704805855768,0.7349863552418333,0.8429355592159222,0.9713253377515699,0.9526385967218808,0.18963457939978698,0.766978357561722,0.5665717005445038,0.5462028194840983,0.8370408177844173,0.4031072140313553,0.9447784119001548,-0.5241263017239695,0.965825086966204,0.6671639592550295,0.7870722768512975,0.9791715443763843,0.6663025867069262,0.9302866841832184,0.7812677064417459,0.8917173646853532,-0.2073227959360419,0.9136256248400452,0.2505139090056317,0.9535691209098242,0.8063194324041429,0.7201496815485177,-0.003708343188723665,0.9592971559240673,0.754911814767326,0.9450256448454888,0.9303168225521243,0.5186615006761122,0.9196985960517332,0.8052100886685285,0.9118553517272353,-0.11002650224441536,0.9202662311397948,0.4889825009652892,-0.07993143735195832
AVGO,0.8634892382148769,0.3931328228206842,0.7616601774741338,-0.34408435317510655,0.8655442231755638,-0.5041301048118179,0.1885702764058145,0.8035841720050501,1.0,0.5437592739979282,0.5667151393413784,0.7887766744821959,0.3459487010259735,0.5243956330020613,0.6715676865927055,0.71365168229313,0.32274452772738244,0.5175439061538011,0.02941673649066986,0.4289148078250769,0.8147365722970157,0.7908168437932914,0.9602697077689015,0.6515858427870481,0.8979754300184442,0.6622621224781238,0.6192128977510837,0.8769093185739981,0.8814114636480112,0.8649077707779659,0.7291995164173433,0.2323815594670635,0.7690477892645563,0.664859669114112,0.11206356826623481,0.8516948550794221,-0.7487766036448409,0.6875287293673674,0.44606523047409324,0.7389932524470275,0.8938946636773852,0.41572222656026636,0.6866247123499836,0.9791995875750273,0.9439618232419162,-0.4519542764100131,0.6950991397224285,0.8590457785591985,0.8071671165031223,0.8182201363595748,0.8093597641303015,0.8266466963403439,0.8818784541468871,0.3835958713794661,0.9361660275070862,0.8479910078497106,0.8582897357230099,0.8928717187962925,0.732632411272625,0.947840578315271,0.05819465482120353,0.7901240980449991,0.13888753970136794,-0.023824904335398252
BAP,0.6792180879732148,0.23363540675539754,0.8736313745991257,0.06092121165753688,0.6216794247011838,0.12489048976777928,0.26687109004779264,0.6507183567545041,0.5437592739979282,1.0,-0.4164208131810838,0.042007946308947254,-0.3283654634784921,0.7858650480081425,0.5963359519405756,-0.6387123003827208,0.8640207655842718,0.45079781704990074,0.16566598978775332,0.6293411881372131,0.882151729872931,0.7403944247083517,0.17243069846534573,-0.1472704912601082,0.8117315754502283,0.8849626102883242,0.8470994976902875,0.6724966536128583,0.5131701303580121,-0.04773345493386038,0.9148724274834757,0.045915721319245144,0.13242524601789998,0.8972595007252778,0.0503143784557837,0.7133895201489354,-0.5442855459561133,0.6325397128514579,0.9298743800994742,0.9229504085846809,0.6642567740688994,0.8049356276094373,0.7895391285235416,0.4869274512021357,0.40128510292445196,0.343605982005081,0.8334972673961761,0.8416456525668565,0.7357346982268734,-0.07439121697683225,0.6348693125056495,-0.30848580248158086,0.7915633292669343,0.7318414404349992,0.6606628024846759,0.7063902011787769,0.7882345594240452,0.49087748653096674,0.7767989330105847,0.7578945064800287,0.1294146157583569,0.8622453146464197,-0.34662135351377604,-0.24530017737103324
BATT.AS,0.8655260753451139,0.5525607875829013,0.607825419076204,-0.5412259270702204,0.8449409293046447,0.14948770910498527,0.4253735157773104,0.9001329562650768,0.5667151393413784,-0.4164208131810838,1.0,0.5270488148372506,0.4813867006970092,0.21853508622822143,0.5178435390674581,0.24380027954913305,-0.042892343330296054,0.4297409843724745,0.42791590394524653,0.7921783164678778,0.7480029986983155,0.723775445984602,0.624279675693115,0.7137314333875193,0.6389604606509579,0.5079561572796432,0.7507524961908068,0.8356591318232464,0.8050077290263948,0.5523228672545922,0.5049028711995328,0.6226342093395985,0.607155396176909,0.6334434881831466,0.4171140894864049,0.7517135497134065,0.03917538384570119,0.9083734487784463,-0.13564634048135032,0.5563546319856222,0.8177732346978951,-0.27265024871269333,0.8315524220696066,0.5357686974455638,0.699891581073145,-0.36802390844343935,0.823522433833047,0.23291063870004927,0.8492910715433897,0.6537856823706913,0.3802923514203308,0.41128280356853136,0.8130694091313692,0.6191661999479386,0.754520316327138,0.7234545720316975,0.253132690711916,0.7953194008305673,0.7594664841081313,0.61560588952434,0.1021211668004007,0.8210436730032111,0.5457087864264661,-0.13287797766017478
BBVA.MC,0.32331193001205505,0.482336735433176,0.15568324681172907,-0.1688611047643361,0.3984417527792453,0.08149945978445727,-0.048654547718444845,0.304815032411852,0.7887766744821959,0.042007946308947254,0.5270488148372506,1.0,0.5726005459388606,-0.12319819590858357,0.6206714516762767,0.3063488802186467,0.15231620021087708,0.47273961748490156,-0.07292916166783221,-0.00685023753543869,0.18968602962985243,0.4444892845141428,0.9209386353664234,0.5315434983976266,0.2644907240143465,0.20676334658125695,0.032886630104974904,0.32019493957556844,0.6392070726593648,0.7704440900520796,0.18744542109062076,0.05985347862774584,0.5274328313036013,0.0407131582461529,0.1624281788916887,0.26694045675070655,-0.7221739444973897,0.17078529623710587,-0.009039766848517612,0.15885287651844063,0.37608688298001774,-0.20217163834614066,0.09338166450172918,0.6524025331263237,0.7285704455258218,-0.09883597420548836,0.11757715093492122,0.829710157767489,0.2768895407585939,0.6450094245268703,0.4401262313010321,0.7297133234303866,0.32466754662750497,-0.026542346796045425,0.4275495062364024,0.4274232706807587,0.8188464523011377,0.6699407352327882,0.20430749813743596,0.4082368299645037,0.47415139672356876,0.17752830497352812,0.009373641114730737,-0.21887519413413395
BCS,0.012608328154263852,0.3707051136813236,0.10034367247279556,0.12566684053945806,0.09624053328718103,0.5461656721314239,-0.25459970834501855,-0.2019733623406078,0.3459487010259735,-0.3283654634784921,0.4813867006970092,0.5726005459388606,1.0,-0.5459831481434279,0.6506243079418164,0.8033545566100453,-0.16518363610689854,0.6758561415499639,-0.17795374744680348,-0.27318003334272883,0.13560107386998446,0.41272571988751167,0.7956706104247018,0.20915303791329834,-0.4371641129912696,-0.06036256066041089,0.11247047451336342,-0.3200912935623138,0.19383135966663442,0.7994877296668674,-0.3821247108945563,-0.11477386377835094,0.081403398011418,0.13103631635143975,0.3728738200824358,-0.30065066427828074,-0.6340546639753734,-0.40979764729686213,0.17223501031822386,0.07999773105650768,0.05769872271615627,-0.6644820750385527,0.0236512911538881,-0.03285233314361368,0.29728445647041646,0.31879602579564337,0.1288702193063868,0.9253796923981319,0.005351961098493455,0.6216000284056465,-0.17333383719865067,0.8716639261349057,-0.07006890560644062,-0.22189596445865464,-0.21312214575125182,-0.08974800357267572,0.9146963176785596,0.28926989510872136,-0.34459125765824167,0.17885771787519944,0.4940386895005152,-0.395399900763476,-0.0029169364377320426,-0.09789485412552588
BND,0.7136697497478872,-0.5668763395908691,0.8650496913322904,-0.2712329453347989,0.668227161875677,-0.838719078093093,0.7512236726659773,0.7165205589984245,0.5243956330020613,0.7858650480081425,0.21853508622822143,-0.12319819590858357,-0.5459831481434279,1.0,0.7545190577251378,-0.4030326710925062,0.36719548246230294,0.7584028832346139,0.38810763159640305,0.6582697138965126,0.8651592838632512,0.4343493999330411,0.09966550038269431,-0.22717530064815447,0.6922610603777279,0.7514319257563083,0.8238186269702132,0.7524397426446056,0.6859938355517353,-0.0931664745496469,0.7837882001624792,0.48859971147944425,0.4614573163289661,0.9262336683825654,0.32646199971371115,0.806278647817985,0.14571555546685114,0.7487713870023432,0.8410089066296557,0.8254405268693242,0.7063483410834516,0.8857589911414747,0.8446831652084318,0.4351592553501211,0.5219176777838839,-0.34526298668888356,0.8218408368176979,0.24336176525859324,0.7459405589420993,0.6574270743200602,0.5255668335899308,-0.26564935506045223,0.7884396919080074,0.4925032172589037,0.6976377714506636,0.8292561947074881,0.35705933313387167,0.6114254614043788,0.7611811784292344,0.7186297600182846,-0.6139775768877832,0.8474886244109612,0.5910716306781677,-0.22616498322247267
BOTZ.L,0.7382734319749651,0.18662389587245481,0.31137610157719725,0.6080890272311358,0.8046454677707393,-0.7171665356851448,-0.1473704150528746,0.7455118127603446,0.6715676865927055,0.5963359519405756,0.5178435390674581,0.6206714516762767,0.6506243079418164,0.7545190577251378,1.0,0.7438135848688762,0.5829342129328791,0.8695938421082191,-0.6010868916269045,-0.5846918612812966,0.48360313494700885,-0.008672175212680681,0.645888848690938,0.2859198833731493,0.6066962403423551,0.4106724337671663,-0.5283808253890414,0.8394717538471589,0.7118907866326231,0.6651496493105598,0.6721700294915213,-0.6197629447115697,0.16278962925135188,0.5295223176249582,0.6420046807372607,0.6945050435730122,-0.5796422734358375,0.10867331320808327,0.5831792219817074,0.5361449349814861,0.800343359976864,0.0006178097208925819,0.07048238941502478,0.7273614593548356,0.6927543695512071,0.3585837666703939,-0.24242391399177335,0.5387655421584381,0.7688933767938154,0.7632520852519467,0.4639311949279241,0.6798411526766817,0.8062861475870571,-0.7982437952706615,0.7841039009237853,0.6527532767166373,0.7769137722297443,0.7548332987657433,0.8288762050030144,0.6307858781048536,0.6071243093770466,0.6413263499319077,-0.2729793184140857,-0.4870375793087238
C,-0.14361006039322516,0.16326370451742753,-0.007524937257839993,-0.035038795842675295,-0.015442192972918706,0.222655837764523,0.5507250885236638,-0.3466243882386511,0.71365168229313,-0.6387123003827208,0.24380027954913305,0.3063488802186467,0.8033545566100453,-0.4030326710925062,0.7438135848688762,1.0,-0.6542450630731405,0.8559293044274126,-0.09998796956225932,-0.4487499480672407,-0.0446613724498118,0.2057146521461884,0.5449716749049541,0.14125990321027168,-0.7097907231394618,-0.42302703942171044,-0.07391302331952569,-0.30688188377403885,0.7150379078492951,0.6408648095765705,-0.6181673864198913,0.3085570240583368,0.17846440608442826,-0.037014864034301945,0.5850171512489383,-0.21979250803208397,-0.4931134871064265,-0.35912187334240453,0.025984574097637037,-0.09796764526430511,-0.144404945157149,-0.5595751474301198,-0.08278172463755766,-0.20234920959863353,0.6313626306279724,0.1403921466529037,0.012889796117428423,0.8333082028555834,-0.26885243707764256,0.48484363543768605,-0.17839955219465342,0.8733264577763273,-0.30812089325945213,-0.49790598187800705,-0.3602493582521829,0.27682056709194414,0.9047622588326917,0.756415846673541,-0.4118949219137708,0.05050766201894078,0.050198013547155494,-0.5723672936039189,0.06567204758255114,-0.001564476448699761
CIB,0.5126046789204961,0.3863749795326683,0.6659977748970015,-0.06921650742163918,0.4433528577523804,0.49308552829496044,-0.33451931213049685,0.48213902585597596,0.32274452772738244,0.8640207655842718,-0.042892343330296054,0.15231620021087708,-0.16518363610689854,0.36719548246230294,0.5829342129328791,-0.6542450630731405,1.0,0.5451486220385628,-0.18073840737074245,0.5129314005154668,0.7143606144816265,0.670623473027712,0.4885892338382913,-0.18219857299519154,0.8242863968657994,0.7336690192983163,0.6925762233279055,0.39008809077094897,0.057103663569695304,-0.08090910567535128,0.7225655391126532,-0.35081455593951005,-0.1649509815144022,0.7032141064348847,0.21795412312534043,0.3307380183804266,-0.6338138691720852,0.3530431094936353,0.7326594514294908,0.7408136385838852,0.48661644337485294,0.3803560257788304,0.580828313955659,0.39018904005735927,0.24043382668858326,0.4593796966013114,0.6438430239628572,0.8860578374070761,0.6197583612677431,0.32022734336497977,0.4371581846550783,-0.3010459553222116,0.6030473111419281,0.6772960826652703,0.4929272411964407,0.2230599670034937,0.850699295525506,0.3926305412809706,0.607026753430689,0.6046139477966767,0.41352573162335,0.6727837505159394,-0.21257654154369046,-0.25660602778640623
COIN,0.36497744010264116,-0.07382223678336321,0.24392330539443852,0.674895963368908,0.603682074510648,-0.7720012347040731,0.08352616638331277,0.5736685241008852,0.5175439061538011,0.45079781704990074,0.4297409843724745,0.47273961748490156,0.6758561415499639,0.7584028832346139,0.8695938421082191,0.8559293044274126,0.5451486220385628,1.0,-0.4111610089963088,-0.3220025644332129,0.4316183902149156,-0.18486037499415472,0.43139138851184344,-0.041683286689189705,0.5007296928546499,0.26152717204426,-0.7225325177098361,0.7386897174204392,0.42837633308905654,0.5227809343423754,0.4154282033806375,-0.41514892906112505,-0.1179461080973345,0.2726412988039804,0.7206075734248663,0.522721458069413,-0.5046473710049402,-0.20053022834652895,0.7511314770857402,0.4441781355648702,0.5743440815479053,0.2640789921699556,0.13518698250557726,0.55509386276671,0.3877337171582303,-0.08375396230186814,-0.5791851276986165,0.5953604257292057,0.6382414596224764,0.7436628139204928,0.0759141205789922,0.48574957361432974,0.6490935011918854,-0.774176993863476,0.7265314495037472,0.5411549676052203,0.8150380913482754,0.6085772749532361,0.8706216877362387,0.5176914488207457,0.4126030366442297,0.356303715080506,-0.12753452005811844,-0.3023851592418595
CSIQ,0.3667211608105525,-0.39263355040593223,0.3955639577006939,-0.12827670319827594,0.3277239204998445,-0.2848943969320907,0.7098917233190648,0.4080467307550268,0.02941673649066986,0.16566598978775332,0.42791590394524653,-0.07292916166783221,-0.17795374744680348,0.38810763159640305,-0.6010868916269045,-0.09998796956225932,-0.18073840737074245,-0.4111610089963088,1.0,0.6485913428242838,0.3785218750454744,0.33561289027727775,-0.3139021124352932,0.21604639376848395,0.09672510332014804,0.39362384547385754,0.48790249068741176,0.34806371897820065,0.3088983772274882,0.037542611149733694,0.21348324853519843,0.8464163129312843,0.32509387121090805,0.43680483319586283,0.19850157629848011,0.3707575333663033,0.9366921497232422,0.49071219670235844,0.32299013348035704,0.2661893291831046,0.3259800472247531,0.3293185097690385,0.5093647986701532,-0.012876064484907194,0.04811262034243045,-0.33858800272669803,0.47852295525912564,-0.6060047741370463,0.4195733789646334,0.07460438544865824,0.12853357493336276,-0.11921088191619375,0.3622908870489736,0.37462891536487547,0.27931218721769197,0.3391322299966389,-0.6925067666057058,0.03724438471335656,0.4438432854094188,0.240725154658029,-0.3772525345872449,0.39847825128648184,0.7367483925263945,-0.10320059023536195
DAR,0.8465121744580169,0.12416989633414924,0.8233823196275691,-0.4725008279027681,0.7887605045042705,-0.01925508378907362,0.7728929535799917,0.8600532604403861,0.4289148078250769,0.6293411881372131,0.7921783164678778,-0.00685023753543869,-0.27318003334272883,0.6582697138965126,-0.5846918612812966,-0.4487499480672407,0.5129314005154668,-0.3220025644332129,0.6485913428242838,1.0,0.82829461152302,0.7483139309098755,0.08916079749796729,0.2128815366282171,0.7111499171255908,0.6798109587387368,0.8405976659378623,0.7954184096410506,0.6866452586645744,0.007780517958606202,0.6864733046813003,0.8024715056488567,0.31448881854099675,0.7931960611245022,0.34774529530454706,0.7660699998084134,0.6779680950334149,0.8986398115914348,0.654497251999631,0.7230070787992527,0.8035631668060557,0.6409320673895235,0.9022079299324878,0.4432335391154911,0.5342233203830398,-0.12359805064322542,0.8732785582606303,-0.6047502135452042,0.8550636581273887,0.37353769256263786,0.4966852576030534,-0.22201457374811853,0.8243046310591717,0.8746657260582952,0.7510965348583939,0.7287567583811508,-0.6527499508948221,0.6298987544818131,0.7614229129901636,0.732056628415076,-0.1785202462994348,0.8549144297493645,0.7004750359129864,-0.05243454546242694
DUK,0.8929094747751881,0.5628243722578095,0.9919608969295877,-0.450467856115828,0.874542715076258,0.35307973915568186,0.5798418617468047,0.8930867878088661,0.8147365722970157,0.882151729872931,0.7480029986983155,0.18968602962985243,0.13560107386998446,0.8651592838632512,0.48360313494700885,-0.0446613724498118,0.7143606144816265,0.4316183902149156,0.3785218750454744,0.82829461152302,1.0,0.9104096367232648,0.8738522131206731,0.13685933772272624,0.8778062211117256,0.9205382338334638,0.9694358749778684,0.9457899255479504,0.9529383725885121,0.15445951282933507,0.929172149172656,0.5227123215323937,0.40841376747488445,0.9824998550392988,0.2500532697947935,0.9634416125205884,-0.7297848584106015,0.9037994265139998,0.9254081531337901,0.964122904392244,0.8955143924313663,0.846440917446116,0.9552441045706395,0.698661971744994,0.9026750183981235,0.41145775741587276,0.9818774433721871,0.743795388698613,0.9398005849086696,0.8647177525174228,0.7309348658095857,-0.14251406572092468,0.9696372417566915,0.8253491567508874,0.8900909228286071,0.9680563491568807,0.7369001464150929,0.9532162602609381,0.8606326881535393,0.9497206590208176,0.06938798989520116,0.9833652839149026,0.4113623500595032,-0.050641791595488754
EXC,0.7896283264106937,0.8192874090707395,0.9080064176784552,-0.49122859198077634,0.7871236634117108,0.5853753944469796,0.5445032612502079,0.7816723243096158,0.7908168437932914,0.7403944247083517,0.723775445984602,0.4444892845141428,0.41272571988751167,0.4343493999330411,-0.008672175212680681,0.2057146521461884,0.670623473027712,-0.18486037499415472,0.33561289027727775,0.7483139309098755,0.9104096367232648,1.0,0.725973354485309,0.5436837558492422,0.7587038202957734,0.7781505904304487,0.8933360375613216,0.8317652583960687,0.9238531545673451,0.410048880993802,0.7539257968487981,0.5410521061385782,0.3203652339941717,0.8846071780161698,0.06282578353070106,0.8181301382455411,-0.4938219104029086,0.8209099950788735,0.8503749617204766,0.8585279070965511,0.796103134865892,0.5343065150185563,0.8598582309719641,0.6388302135469415,0.8662491218807968,0.52385763433415,0.9232638325334559,0.41891657302797675,0.8566543191702032,0.6522235041839475,0.6579813480524849,0.23175022757040944,0.8520773357742827,0.8094770977066589,0.7702176390483118,0.8623168782555571,0.29147935297484967,0.9160582737629788,0.677203859976182,0.8805986841173451,0.31972616753469624,0.8531531600354699,0.4140936352118187,0.012535822108869256
FLOA.L,0.87297345958313,0.4013098872210473,0.8104353300982384,-0.4340035456570804,0.855362734648907,-0.04543438506666752,-0.32686342772301435,0.7610039324223958,0.9602697077689015,0.17243069846534573,0.624279675693115,0.9209386353664234,0.7956706104247018,0.09966550038269431,0.645888848690938,0.5449716749049541,0.4885892338382913,0.43139138851184344,-0.3139021124352932,0.08916079749796729,0.8738522131206731,0.725973354485309,1.0,0.792195657635502,0.9395622683751952,0.8614693362762598,0.5151373773774516,0.8825483324358608,0.9107639603547494,0.8836459039575001,0.8866580009028525,-0.02237904018246206,0.832639277867965,0.7423362019326847,0.06840990979034713,0.9548395595764056,-0.7721224435529628,0.558410492655833,0.038027468302879903,0.8543116814826731,0.9254978957793358,-0.31860986528261936,0.5326462845931446,0.9553867542609263,0.959940268574221,-0.16798161588269764,0.6252082320909661,0.762920958680605,0.7600423202845048,0.8672596286423659,0.7589946231760819,0.9094957387671345,0.9421856403308483,0.1218936876803095,0.912780855345171,0.956134761627791,0.8006571648313731,0.9215231693208351,0.627430399953165,0.9586806621870695,0.7313718568547094,0.8667152424383472,0.05528524950071786,-0.21334034688699854
FSLR,0.3798114824854922,0.4158653022503294,0.13820953186988835,-0.41810410473910675,0.4202403942192162,0.15975367141533106,0.3565061045206336,0.3746946807438573,0.6515858427870481,-0.1472704912601082,0.7137314333875193,0.5315434983976266,0.20915303791329834,-0.22717530064815447,0.2859198833731493,0.14125990321027168,-0.18219857299519154,-0.041683286689189705,0.21604639376848395,0.2128815366282171,0.13685933772272624,0.5436837558492422,0.792195657635502,1.0,0.2195458028901744,-0.000506970307949689,0.12396006157464283,0.3257600923095177,0.8238175219638404,0.4690971590126241,0.0309580894688094,0.42925679248250387,0.37796748539998737,0.0033692109687717357,0.013365644390959074,0.2790337594185684,-0.3604290013190171,0.3176200184409871,-0.21938714948078128,-0.0054008359176646046,0.3936770417178824,-0.16323546662123853,0.21551006708147416,0.47008507974019736,0.8708631706664831,-0.4033641506071361,0.221859442476434,0.20009583699358538,0.3153597647397885,0.634999606792683,0.29608023957071744,0.40032870919390784,0.28587014053181536,0.24121058530876924,0.3671936852255638,0.2864800627779972,0.24841184688326992,0.8178178870951227,0.2046288067006235,0.32239921787650044,0.2963042945152702,0.19542153651954644,0.3555086106911457,0.18750183396172207
GC=F,0.8230264388663714,0.27906971493667243,0.8379428818587051,-0.45957420358114653,0.7542848473357033,-0.03724412614368215,0.17350927790235005,0.7816704805855768,0.8979754300184442,0.8117315754502283,0.6389604606509579,0.2644907240143465,-0.4371641129912696,0.6922610603777279,0.6066962403423551,-0.7097907231394618,0.8242863968657994,0.5007296928546499,0.09672510332014804,0.7111499171255908,0.8778062211117256,0.7587038202957734,0.9395622683751952,0.2195458028901744,1.0,0.7954140115414837,0.8293071249909179,0.8333561955333052,0.7986771791119652,-0.08795151533279408,0.8271401001838274,0.23888525571861538,0.22936257274869873,0.8283817471905046,0.056594491876725855,0.8428653663123723,-0.69643452953737,0.7637810362308965,0.7090416047420675,0.8310635853713716,0.8047864100969861,0.6526807969689062,0.80361742756593,0.7126151243480978,0.8914760677623301,0.031017120725293137,0.8164777288030705,0.8997985696608025,0.8472935987730026,0.9244248239723991,0.6395675174037708,-0.19647830150076412,0.8459160133341138,0.7596404066669213,0.8233198684397304,0.8207228019385228,0.8613648380346447,0.9064636426496343,0.8182229997460929,0.8588986879048617,0.05308024355749643,0.8709260796028904,0.35764834392604,-0.06727496023468421
GILD,0.77671301498672,0.4327196557486484,0.9025381843792812,0.018431436552999086,0.720235920848988,0.17236355061699057,0.29912476374977437,0.7349863552418333,0.6622621224781238,0.8849626102883242,0.5079561572796432,0.20676334658125695,-0.06036256066041089,0.7514319257563083,0.4106724337671663,-0.42302703942171044,0.7336690192983163,0.26152717204426,0.39362384547385754,0.6798109587387368,0.9205382338334638,0.7781505904304487,0.8614693362762598,-0.000506970307949689,0.7954140115414837,1.0,0.9215057836152081,0.7617794995468122,0.6850385518771305,0.10488633088596326,0.9324853280840961,0.34205885507066286,0.3548087845806333,0.9389815561270035,-0.09000518963139223,0.7668586026658323,-0.5734092874508082,0.6984687424684345,0.9042087173302468,0.9531902718737364,0.7573333210236757,0.7754604894061475,0.8362954730630978,0.58686662613208,0.6790177115593661,0.3790563370685128,0.8892282499354673,0.8070827154219452,0.8199632595809323,0.6965832412404226,0.6353295580196842,-0.15111937786751836,0.8628449500828869,0.701100552414334,0.7395773722180775,0.7643957831928504,0.6733032149277095,0.5728402809954295,0.7016528945993985,0.8422499058034513,0.18953956048579582,0.8781933217975609,0.24959407705045483,-0.11038849163633292
GIS,0.8484653801755572,0.4168312742564552,0.9597276231028659,-0.5395272713731362,0.8204504276313359,0.4183982073058153,0.5796237449033469,0.8429355592159222,0.6192128977510837,0.8470994976902875,0.7507524961908068,0.032886630104974904,0.11247047451336342,0.8238186269702132,-0.5283808253890414,-0.07391302331952569,0.6925762233279055,-0.7225325177098361,0.48790249068741176,0.8405976659378623,0.9694358749778684,0.8933360375613216,0.5151373773774516,0.12396006157464283,0.8293071249909179,0.9215057836152081,1.0,0.8553543636811214,0.8362842672865223,0.05946318198728323,0.9168185917834326,0.633118684435993,0.347796742259853,0.9796815757518416,-0.1760341966331357,0.8656290178318455,0.0327391060704803,0.8938472826019811,0.9036000116534609,0.9471781400677752,0.8322977036152757,0.8335076076080008,0.930784448820846,0.5578146253077154,0.7390362667012738,0.4786864762079137,0.9827196362068968,-0.38957098918792593,0.9016444199846008,0.5291414871987493,0.6367054927914174,-0.27769620094530323,0.9083658029493897,0.8615243305416096,0.782062827922291,0.8574390178009238,-0.43167315549014834,0.7224124914207186,0.768746817218351,0.8892183302224606,0.07778347271776564,0.9459722232530765,0.502025023787206,-0.050508832149618564
GOOGL,0.9810695197624854,0.5742092988050842,0.9262027140004333,-0.4525466306577955,0.9742716101685196,-0.6607652905860715,0.5724698268228028,0.9713253377515699,0.8769093185739981,0.6724966536128583,0.8356591318232464,0.32019493957556844,-0.3200912935623138,0.7524397426446056,0.8394717538471589,-0.30688188377403885,0.39008809077094897,0.7386897174204392,0.34806371897820065,0.7954184096410506,0.9457899255479504,0.8317652583960687,0.8825483324358608,0.3257600923095177,0.8333561955333052,0.7617794995468122,0.8553543636811214,1.0,0.9694811913046568,0.15683362594850875,0.8223636217935673,0.5121952691233247,0.736496293976259,0.8716360168314606,0.35524318853627823,0.9722039777290349,-0.7703296886545126,0.9343301990367565,0.6919736222901884,0.8409332993016158,0.9849761666036264,0.7259944967913843,0.9340940021626005,0.8262149899463642,0.9427309016111086,-0.4696146577384412,0.9316151710199557,0.6611803224007212,0.962103778940397,0.8684462214662937,0.7643145288760895,0.004740416286512551,0.9907353594159582,0.6815098828982987,0.9688085410539634,0.9662824022629671,0.8442438988605308,0.9617823247206331,0.8344472494532758,0.9533726943124773,-0.3976009754975487,0.951550205444926,0.39496624995621293,-0.036557389020574635
HCA,0.9663509396646915,0.6385502215996309,0.9084268117053749,-0.4291468249913128,0.9637904773252307,-0.6252679939476817,0.5184106291756951,0.9526385967218808,0.8814114636480112,0.5131701303580121,0.8050077290263948,0.6392070726593648,0.19383135966663442,0.6859938355517353,0.7118907866326231,0.7150379078492951,0.057103663569695304,0.42837633308905654,0.3088983772274882,0.6866452586645744,0.9529383725885121,0.9238531545673451,0.9107639603547494,0.8238175219638404,0.7986771791119652,0.6850385518771305,0.8362842672865223,0.9694811913046568,1.0,0.807977362976395,0.7688631446603474,0.491707157761239,0.8461947362223323,0.8500221306541494,0.24133897319383238,0.9581826688982995,-0.711935897680972,0.9053585902953842,0.46988921160944325,0.8015085433513088,0.975362035295994,0.5414760517843237,0.8897277440718079,0.8459743568705701,0.9588323240604123,-0.6157987394930564,0.9162970899799904,0.5944537623555891,0.9209318115308442,0.8258553509665396,0.7999271122573209,0.6321435822704093,0.9813443316063373,0.5755205533903446,0.9435633134836793,0.9520199587428377,0.6967876292307937,0.9675909905397474,0.829982279220084,0.9348835037360427,-0.1421501892007431,0.9561800587868918,0.36759961007203007,0.05939375399597057
ING,0.20047941871532107,0.5152986199842524,0.15443391249586136,-0.1351891755363767,0.2906411811754051,0.10936113860814692,0.2912704559933952,0.18963457939978698,0.8649077707779659,-0.04773345493386038,0.5523228672545922,0.7704440900520796,0.7994877296668674,-0.0931664745496469,0.6651496493105598,0.6408648095765705,-0.08090910567535128,0.5227809343423754,0.037542611149733694,0.007780517958606202,0.15445951282933507,0.410048880993802,0.8836459039575001,0.4690971590126241,-0.08795151533279408,0.10488633088596326,0.05946318198728323,0.15683362594850875,0.807977362976395,1.0,0.018319380704696814,0.24920598269690186,0.4797227278742124,0.08975056131576105,0.26285146382782,0.1851334170282999,-0.7226720275539444,0.058411530425948495,0.09364587110333362,0.11662564292108543,0.25008402840770255,-0.24424149606458942,0.11954654391140045,0.3440773434099044,0.8154543477368841,-0.0023503172267034765,0.1470990327793484,0.7921706607640642,0.20573402138850103,0.5540018861915287,0.2344924579460692,0.8996589907209092,0.24847214007505572,-0.013843091123817961,0.2056564352376441,0.5855908132254171,0.8106102094083838,0.820287063312258,0.04871931721386623,0.2545876014445717,0.33569385352630715,0.01905805666158676,-0.015819176261913877,-0.18220608623938608
INGR,0.7961201417137848,0.4803893426454857,0.9128093169889927,-0.1718600818980766,0.7514017685878925,-0.07248377361147337,0.34537360650085897,0.766978357561722,0.7291995164173433,0.9148724274834757,0.5049028711995328,0.18744542109062076,-0.3821247108945563,0.7837882001624792,0.6721700294915213,-0.6181673864198913,0.7225655391126532,0.4154282033806375,0.21348324853519843,0.6864733046813003,0.929172149172656,0.7539257968487981,0.8866580009028525,0.0309580894688094,0.8271401001838274,0.9324853280840961,0.9168185917834326,0.8223636217935673,0.7688631446603474,0.018319380704696814,1.0,0.2537475636274322,0.3693658736143259,0.9394057479674832,0.11176934507643999,0.8118827343363069,-0.7288207364873875,0.7501474620400783,0.9201711640395751,0.9851655161165787,0.7750156746862229,0.8322367479077754,0.8400797501243836,0.6361946859103572,0.7521548808758162,0.2906235382705636,0.8938856172916602,0.6917281890910058,0.8052864326289298,0.47327444551110465,0.7056366667549988,-0.13943242736291453,0.8776651042278372,0.7253100730256177,0.7821520941036366,0.8157582807040922,0.7712068041493297,0.7347399986819596,0.7773132390407941,0.8288685337650378,0.023903929485330825,0.9097136384376625,-0.1439367329052246,-0.2984806914490282
JKS,0.550935859140175,-0.1581010224276457,0.519563044116108,-0.3657689564784615,0.4899209163357124,-0.3566429135643317,0.7507918934635014,0.5665717005445038,0.2323815594670635,0.045915721319245144,0.6226342093395985,0.05985347862774584,-0.11477386377835094,0.48859971147944425,-0.6197629447115697,0.3085570240583368,-0.35081455593951005,-0.41514892906112505,0.8464163129312843,0.8024715056488567,0.5227123215323937,0.5410521061385782,-0.02237904018246206,0.42925679248250387,0.23888525571861538,0.34205885507066286,0.633118684435993,0.5121952691233247,0.491707157761239,0.24920598269690186,0.2537475636274322,1.0,0.42005285507104356,0.5136546111282413,0.21561978307685986,0.49883275391672843,0.7335684694511815,0.6391479280945823,0.28049909965781794,0.3264155121917979,0.4949618221573311,0.38590860064744964,0.6610127461732763,0.15426100845417548,0.33130117835718353,-0.46591853963562974,0.6195642621727395,-0.5253538464374841,0.5948255790960852,0.2337024305772215,0.17535463948308178,-0.014280801369448655,0.5068047240286397,0.6008160046929266,0.4483955162387543,0.48740592779631836,-0.663889200618713,0.3634013506727402,0.5667652022528253,0.3750178444476492,-0.353922439995832,0.5315860770157359,0.6603607595449394,0.11968126159532845
JPY=X,0.564039102811518,0.6226200516243472,0.44343907983230507,-0.26211413552853724,0.5980056898533833,-0.5659485491238018,0.33964978326801487,0.5462028194840983,0.7690477892645563,0.13242524601789998,0.607155396176909,0.5274328313036013,0.081403398011418,0.4614573163289661,0.16278962925135188,0.17846440608442826,-0.1649509815144022,-0.1179461080973345,0.32509387121090805,0.31448881854099675,0.40841376747488445,0.3203652339941717,0.832639277867965,0.37796748539998737,0.22936257274869873,0.3548087845806333,0.347796742259853,0.736496293976259,0.8461947362223323,0.4797227278742124,0.3693658736143259,0.42005285507104356,1.0,0.3507179440809723,-0.12080183279435883,0.7420116418457813,-0.6526412532595844,0.6618755037501699,0.18965212599449838,0.3563986598437334,0.5898447807566678,0.42148749650061984,0.43358234605705037,0.6388461018044582,0.8673285208356389,-0.3363211452657869,0.43931575638602255,0.31207306397073664,0.4161747641628432,0.5602993747152255,0.6829288374366824,0.39726400471676687,0.5331265375313715,0.17300729650708202,0.5569731046041037,0.8208850693539287,0.3307025774193956,0.7683571367322483,0.44681396604460005,0.5089090025293992,-0.27935272431712793,0.42670635189645484,0.08779323400052291,-0.0922549438723668
KMB,0.8373371594739646,0.1194371298407318,0.97886796963226,-0.47541561033736646,0.8186063616207186,0.36960808159300357,0.6513890718744526,0.8370408177844173,0.664859669114112,0.8972595007252778,0.6334434881831466,0.0407131582461529,0.13103631635143975,0.9262336683825654,0.5295223176249582,-0.037014864034301945,0.7032141064348847,0.2726412988039804,0.43680483319586283,0.7931960611245022,0.9824998550392988,0.8846071780161698,0.7423362019326847,0.0033692109687717357,0.8283817471905046,0.9389815561270035,0.9796815757518416,0.8716360168314606,0.8500221306541494,0.08975056131576105,0.9394057479674832,0.5136546111282413,0.3507179440809723,1.0,-0.016312047058776487,0.9042729061238949,-0.5141747454621023,0.8601430762940688,0.948811899127105,0.964591952046218,0.8363187022496325,0.9035489549011827,0.9348540302070841,0.5864900600524611,0.775768630738701,0.4753320940054042,0.9764141611425831,0.5233762004936937,0.9003951534250647,0.8773056603954978,0.6464605455066816,-0.2436178171018892,0.9279271280567635,0.7827646108126068,0.812458187463404,0.9120770449144182,0.5697778874609986,0.8277658125832974,0.8144611099523099,0.9087082448655754,0.04683723546368565,0.9603190293072268,0.5291818368164708,-0.06849253807685722
LEVI,0.132294065533242,0.02632671401688382,0.08885706034460125,0.43302923180788183,0.36742782089479886,-0.07123536700315147,0.579068675659146,0.4031072140313553,0.11206356826623481,0.0503143784557837,0.4171140894864049,0.1624281788916887,0.3728738200824358,0.32646199971371115,0.6420046807372607,0.5850171512489383,0.21795412312534043,0.7206075734248663,0.19850157629848011,0.34774529530454706,0.2500532697947935,0.06282578353070106,0.06840990979034713,0.013365644390959074,0.056594491876725855,-0.09000518963139223,-0.1760341966331357,0.35524318853627823,0.24133897319383238,0.26285146382782,0.11176934507643999,0.21561978307685986,-0.12080183279435883,-0.016312047058776487,1.0,0.16551642320118454,-0.021899295755612926,0.25780495796802366,0.5823051702510833,0.19202563364470912,0.200976858959701,-0.10134737776168065,0.30732277445445644,0.1347574672354386,0.08861729046924208,-0.035746893236827386,-0.01048649310331447,0.10664470623282059,0.4248609426605093,0.27607022056886366,0.030624072608203552,0.13032247491986443,0.2815355079012265,-0.04094747947715429,0.33941492738142165,0.16814183273769448,0.30151298501800605,0.3454813382524668,0.6751522632434591,0.09136501438573646,0.0018093629122026356,0.25582824334990717,0.15032170620640564,-0.346078326132125
MA,0.9651214053449926,0.37184431967229153,0.96057330442534,-0.46177702704125195,0.9391664753611837,-0.759655076138511,0.5765842783741518,0.9447784119001548,0.8516948550794221,0.7133895201489354,0.7517135497134065,0.26694045675070655,-0.30065066427828074,0.806278647817985,0.6945050435730122,-0.21979250803208397,0.3307380183804266,0.522721458069413,0.3707575333663033,0.7660699998084134,0.9634416125205884,0.8181301382455411,0.9548395595764056,0.2790337594185684,0.8428653663123723,0.7668586026658323,0.8656290178318455,0.9722039777290349,0.9581826688982995,0.1851334170282999,0.8118827343363069,0.49883275391672843,0.7420116418457813,0.9042729061238949,0.16551642320118454,1.0,-0.7543678741835694,0.9344151474318364,0.6954504267856206,0.8384472634691416,0.9721424826653532,0.7567393482284844,0.953752638332368,0.7854722800765068,0.9138369551643121,-0.5895694946568687,0.9453561919930517,0.8162933299381935,0.9374020066053076,0.9401957525722051,0.7946903319946866,0.0022240673229225504,0.9868696250803373,0.6501087046044426,0.9472513401146,0.9970869697771395,0.8577974819722716,0.9492313800211223,0.8497556706550058,0.9592191212081892,-0.42420018984564906,0.9757073051392343,0.5031668167454464,-0.0719645172774983
MAXN,-0.7269577255923809,-0.44422310851038704,-0.6227830659426468,0.08951772248582048,-0.6897125239034019,-0.004106526564991577,0.6611107370831475,-0.5241263017239695,-0.7487766036448409,-0.5442855459561133,0.03917538384570119,-0.7221739444973897,-0.6340546639753734,0.14571555546685114,-0.5796422734358375,-0.4931134871064265,-0.6338138691720852,-0.5046473710049402,0.9366921497232422,0.6779680950334149,-0.7297848584106015,-0.4938219104029086,-0.7721224435529628,-0.3604290013190171,-0.69643452953737,-0.5734092874508082,0.0327391060704803,-0.7703296886545126,-0.711935897680972,-0.7226720275539444,-0.7288207364873875,0.7335684694511815,-0.6526412532595844,-0.5141747454621023,-0.021899295755612926,-0.7543678741835694,1.0,0.04796928504235234,-0.2094253915354523,-0.6960620468034006,-0.7840247392176454,0.165544491540546,0.12843366912018928,-0.7792050106989409,-0.78479975111777,-0.4923096042291689,-0.222555636715154,-0.5082612335722742,-0.595895605856223,-0.6182705290305558,-0.6983458594957431,-0.752364963183639,-0.787912993588958,0.37040014148524963,-0.6612266052594219,-0.7348220276481197,-0.634774048754328,-0.7415394899070028,-0.206024208094794,-0.7140999131424287,-0.7066830203694383,-0.6347293640747826,0.6768561012299037,0.22730940607951478
MC.PA,0.9477020486838534,0.5083854639315118,0.8998881704792301,-0.5089451648468615,0.930087651044112,-0.5945761704740913,0.7043136268215209,0.965825086966204,0.6875287293673674,0.6325397128514579,0.9083734487784463,0.17078529623710587,-0.40979764729686213,0.7487713870023432,0.10867331320808327,-0.35912187334240453,0.3530431094936353,-0.20053022834652895,0.49071219670235844,0.8986398115914348,0.9037994265139998,0.8209099950788735,0.558410492655833,0.3176200184409871,0.7637810362308965,0.6984687424684345,0.8938472826019811,0.9343301990367565,0.9053585902953842,0.058411530425948495,0.7501474620400783,0.6391479280945823,0.6618755037501699,0.8601430762940688,0.25780495796802366,0.9344151474318364,0.04796928504235234,1.0,0.6259396259438714,0.7658453921885099,0.9340891406463774,0.7152041610747322,0.9500725326295767,0.647656614317574,0.8025398458889326,-0.5002941506143062,0.9611972056933917,-0.35938310051035227,0.9328050914594695,0.6459753932621727,0.6963524386586377,-0.10200649849526451,0.9357047945203241,0.8011297065397811,0.8700779011677774,0.9177106450736267,-0.26644148337710666,0.8592691983549726,0.8119281629928691,0.8555437138489623,-0.5177448626140744,0.9480672277039802,0.6607819091846279,-0.015655460860318292
MMM,0.7109022304957491,-0.21119580073606084,0.9336088264667894,0.23938625406078493,0.7049739784888844,0.41715847294410674,0.5804307722120685,0.6671639592550295,0.44606523047409324,0.9298743800994742,-0.13564634048135032,-0.009039766848517612,0.17223501031822386,0.8410089066296557,0.5831792219817074,0.025984574097637037,0.7326594514294908,0.7511314770857402,0.32299013348035704,0.654497251999631,0.9254081531337901,0.8503749617204766,0.038027468302879903,-0.21938714948078128,0.7090416047420675,0.9042087173302468,0.9036000116534609,0.6919736222901884,0.46988921160944325,0.09364587110333362,0.9201711640395751,0.28049909965781794,0.18965212599449838,0.948811899127105,0.5823051702510833,0.6954504267856206,-0.2094253915354523,0.6259396259438714,1.0,0.9569694979177609,0.7008976209544221,0.8814971704687751,0.8563471891592023,0.4531759019653126,0.27596697701982215,0.6418340050459307,0.9048508564826552,0.6215094941812016,0.7767138827534462,-0.0038226357983028435,0.5281961193224266,-0.2518126239043397,0.8193396658076906,0.6789976741682732,0.6816589772848867,0.6937991135561731,0.644316312028969,0.37908396070847444,0.7639048839526662,0.8483651188937509,0.1467974076468696,0.8445691246148782,-0.11474901148309849,-0.13081706374021476
MO,0.8321214498665287,0.5119743518889708,0.9620898739247217,-0.1758444697327924,0.8085068174923783,0.34234112250979093,0.43749692950459995,0.7870722768512975,0.7389932524470275,0.9229504085846809,0.5563546319856222,0.15885287651844063,0.07999773105650768,0.8254405268693242,0.5361449349814861,-0.09796764526430511,0.7408136385838852,0.4441781355648702,0.2661893291831046,0.7230070787992527,0.964122904392244,0.8585279070965511,0.8543116814826731,-0.0054008359176646046,0.8310635853713716,0.9531902718737364,0.9471781400677752,0.8409332993016158,0.8015085433513088,0.11662564292108543,0.9851655161165787,0.3264155121917979,0.3563986598437334,0.964591952046218,0.19202563364470912,0.8384472634691416,-0.6960620468034006,0.7658453921885099,0.9569694979177609,1.0,0.8182613514934346,0.8669933596898586,0.9067449961734266,0.6317682705529132,0.7676510734829218,0.567740738867152,0.9432866327045499,0.8382381615629431,0.8524166999265439,0.5463715206956931,0.6922898594498191,-0.18160921381793982,0.9079976119965033,0.7666495467777299,0.7994861779056928,0.8482528602593958,0.8129230192315593,0.7909742402171035,0.7850653468064236,0.9067128751826325,0.13396817323740098,0.9266419626385877,-0.05790714185148055,-0.12826801217095138
MSFT,0.9882291891594173,0.5619926092463208,0.9019479628815543,-0.48235465097704,0.9827199066243913,0.0076046028879437465,0.5165697277667196,0.9791715443763843,0.8938946636773852,0.6642567740688994,0.8177732346978951,0.37608688298001774,0.05769872271615627,0.7063483410834516,0.800343359976864,-0.144404945157149,0.48661644337485294,0.5743440815479053,0.3259800472247531,0.8035631668060557,0.8955143924313663,0.796103134865892,0.9254978957793358,0.3936770417178824,0.8047864100969861,0.7573333210236757,0.8322977036152757,0.9849761666036264,0.975362035295994,0.25008402840770255,0.7750156746862229,0.4949618221573311,0.5898447807566678,0.8363187022496325,0.200976858959701,0.9721424826653532,-0.7840247392176454,0.9340891406463774,0.7008976209544221,0.8182613514934346,1.0,0.6708954508318323,0.9286382270744966,0.8567514984042149,0.9558268005123987,-0.04019247571904738,0.8986867500827954,0.6791775615664886,0.9409755151446412,0.8926336035282532,0.7637973183726853,0.048621884241377165,0.9713921616885032,0.727820481760759,0.9737504061680675,0.9626793654322012,0.7963437467208986,0.9565458863384314,0.7940333913334248,0.9503384380842059,-0.026678651806091275,0.9185436907515123,0.40939294443007335,-0.015684577438025045
MXN=X,0.6870971714191677,-0.4704391409748146,0.8676388507315741,-0.15342944877893167,0.6232274322883842,-0.7261594061345933,0.6333101059100011,0.6663025867069262,0.41572222656026636,0.8049356276094373,-0.27265024871269333,-0.20217163834614066,-0.6644820750385527,0.8857589911414747,0.0006178097208925819,-0.5595751474301198,0.3803560257788304,0.2640789921699556,0.3293185097690385,0.6409320673895235,0.846440917446116,0.5343065150185563,-0.31860986528261936,-0.16323546662123853,0.6526807969689062,0.7754604894061475,0.8335076076080008,0.7259944967913843,0.5414760517843237,-0.24424149606458942,0.8322367479077754,0.38590860064744964,0.42148749650061984,0.9035489549011827,-0.10134737776168065,0.7567393482284844,0.165544491540546,0.7152041610747322,0.8814971704687751,0.8669933596898586,0.6708954508318323,1.0,0.8379350928274442,0.39524455127307956,0.3631585196930652,-0.1362656498429872,0.8241633596339774,0.08778504268776839,0.682762607781418,0.11981644020638405,0.4350719490434724,-0.4079174782018267,0.763305455315886,0.5844995093701064,0.6560864302964805,0.7545702108512606,0.10889753854838154,0.3844083636302664,0.6798573358679944,0.6904907352588351,-0.6136369651777822,0.8245680309554393,0.11487188963488704,0.09968358416642119
NEE,0.9414349869614799,0.19686063895209313,0.9687098598972327,-0.4812164903892396,0.9066772848861546,0.18766273858972746,0.7425663554131299,0.9302866841832184,0.6866247123499836,0.7895391285235416,0.8315524220696066,0.09338166450172918,0.0236512911538881,0.8446831652084318,0.07048238941502478,-0.08278172463755766,0.580828313955659,0.13518698250557726,0.5093647986701532,0.9022079299324878,0.9552441045706395,0.8598582309719641,0.5326462845931446,0.21551006708147416,0.80361742756593,0.8362954730630978,0.930784448820846,0.9340940021626005,0.8897277440718079,0.11954654391140045,0.8400797501243836,0.6610127461732763,0.43358234605705037,0.9348540302070841,0.30732277445445644,0.953752638332368,0.12843366912018928,0.9500725326295767,0.8563471891592023,0.9067449961734266,0.9286382270744966,0.8379350928274442,1.0,0.6410766274000923,0.7682545996904669,0.26398969069854294,0.9665197715593447,0.053567313956197675,0.942441533498272,0.7703406845847429,0.6458531518612128,-0.154260013317301,0.9595379220324379,0.8321440357038216,0.8892115347936181,0.9459645842156652,0.05488822798984159,0.8478789153925494,0.838229346667244,0.924719086007499,-0.08140282268491576,0.9681356940594156,0.6840497996050899,-0.008526578696190334
NVDA,0.8224925925639163,0.35811681392674893,0.6739742632127846,-0.29844823153243233,0.8506203622616145,-0.2544325639510521,0.10577412783135924,0.7812677064417459,0.9791995875750273,0.4869274512021357,0.5357686974455638,0.6524025331263237,-0.03285233314361368,0.4351592553501211,0.7273614593548356,-0.20234920959863353,0.39018904005735927,0.55509386276671,-0.012876064484907194,0.4432335391154911,0.698661971744994,0.6388302135469415,0.9553867542609263,0.47008507974019736,0.7126151243480978,0.58686662613208,0.5578146253077154,0.8262149899463642,0.8459743568705701,0.3440773434099044,0.6361946859103572,0.15426100845417548,0.6388461018044582,0.5864900600524611,0.1347574672354386,0.7854722800765068,-0.7792050106989409,0.647656614317574,0.4531759019653126,0.6317682705529132,0.8567514984042149,0.39524455127307956,0.6410766274000923,1.0,0.9259743094763835,-0.21874640148812247,0.6331904611718704,0.7785780369260816,0.7672012723361393,0.8051240899702637,0.7528467777349286,0.2767011595660072,0.8122018585547218,0.41713313750011843,0.9017137541527587,0.7770957812828343,0.8497707756415616,0.8595858885407194,0.6055712016775293,0.888977904558792,0.12364480875580176,0.6908192615183953,0.07877806142946961,-0.0869755705333318
PANW,0.9462884150495962,0.578967222272762,0.8321570656757659,-0.40375999031321086,0.9334270629747601,-0.4858191779989172,0.28999497792759465,0.8917173646853532,0.9439618232419162,0.40128510292445196,0.699891581073145,0.7285704455258218,0.29728445647041646,0.5219176777838839,0.6927543695512071,0.6313626306279724,0.24043382668858326,0.3877337171582303,0.04811262034243045,0.5342233203830398,0.9026750183981235,0.8662491218807968,0.959940268574221,0.8708631706664831,0.8914760677623301,0.6790177115593661,0.7390362667012738,0.9427309016111086,0.9588323240604123,0.8154543477368841,0.7521548808758162,0.33130117835718353,0.8673285208356389,0.775768630738701,0.08861729046924208,0.9138369551643121,-0.78479975111777,0.8025398458889326,0.27596697701982215,0.7676510734829218,0.9558268005123987,0.3631585196930652,0.7682545996904669,0.9259743094763835,1.0,-0.5529846247158217,0.8224497217898064,0.6628219343342189,0.8774832163203566,0.8171310942106195,0.8200192357720103,0.7088620270824182,0.9533502422911344,0.5228001922814964,0.9384539933736583,0.9097560067088174,0.7361774390678171,0.937818618812762,0.745893218851441,0.9458255030880256,0.14556310345313755,0.8849001777731528,0.23461036667568805,0.12000714027306185
PCG,0.04938533096158637,0.48226958993493474,0.43792498873997293,0.49716666283643624,0.07911699090118876,0.7309012600514265,-0.5039880977211977,-0.2073227959360419,-0.4519542764100131,0.343605982005081,-0.36802390844343935,-0.09883597420548836,0.31879602579564337,-0.34526298668888356,0.3585837666703939,0.1403921466529037,0.4593796966013114,-0.08375396230186814,-0.33858800272669803,-0.12359805064322542,0.41145775741587276,0.52385763433415,-0.16798161588269764,-0.4033641506071361,0.031017120725293137,0.3790563370685128,0.4786864762079137,-0.4696146577384412,-0.6157987394930564,-0.0023503172267034765,0.2906235382705636,-0.46591853963562974,-0.3363211452657869,0.4753320940054042,-0.035746893236827386,-0.5895694946568687,-0.4923096042291689,-0.5002941506143062,0.6418340050459307,0.567740738867152,-0.04019247571904738,-0.1362656498429872,0.26398969069854294,-0.21874640148812247,-0.5529846247158217,1.0,0.4543415051452799,0.2309478231640024,0.015182130433056901,-0.6176020378126631,-0.27172984409475825,-0.10979686573788316,-0.0008131527964351332,0.13192222741272192,-0.24007310490324324,-0.5922360578076082,0.2991238248163152,-0.6220686031342515,-0.3367962786257859,0.3417240132492583,0.5367145545230436,-0.05040549809343371,-0.6514619053439954,-0.22982011519247525
PEP,0.902189061101576,0.6785718604568596,0.9834701981175638,-0.5235043429543971,0.88426069940147,0.357461939853358,0.6740352653775531,0.9136256248400452,0.6950991397224285,0.8334972673961761,0.823522433833047,0.11757715093492122,0.1288702193063868,0.8218408368176979,-0.24242391399177335,0.012889796117428423,0.6438430239628572,-0.5791851276986165,0.47852295525912564,0.8732785582606303,0.9818774433721871,0.9232638325334559,0.6252082320909661,0.221859442476434,0.8164777288030705,0.8892282499354673,0.9827196362068968,0.9316151710199557,0.9162970899799904,0.1470990327793484,0.8938856172916602,0.6195642621727395,0.43931575638602255,0.9764141611425831,-0.01048649310331447,0.9453561919930517,-0.222555636715154,0.9611972056933917,0.9048508564826552,0.9432866327045499,0.8986867500827954,0.8241633596339774,0.9665197715593447,0.6331904611718704,0.8224497217898064,0.4543415051452799,1.0,-0.29734826781673196,0.9388197043494103,0.6447149689264139,0.7079135345079482,-0.16045259340345358,0.9581032065144418,0.8612111667614866,0.85452626420559,0.9392225638290452,-0.28757661959541914,0.8620670955222585,0.8165929291052648,0.9303852135708132,0.02400726711948608,0.981334947844341,0.5425268033669054,-0.044530759419207935
PLTR,0.5761476263470147,0.14941663946389663,0.700145677331735,0.15495721570466242,0.4282068896870724,-0.4466738260862651,-0.4393053239701167,0.2505139090056317,0.8590457785591985,0.8416456525668565,0.23291063870004927,0.829710157767489,0.9253796923981319,0.24336176525859324,0.5387655421584381,0.8333082028555834,0.8860578374070761,0.5953604257292057,-0.6060047741370463,-0.6047502135452042,0.743795388698613,0.41891657302797675,0.762920958680605,0.20009583699358538,0.8997985696608025,0.8070827154219452,-0.38957098918792593,0.6611803224007212,0.5944537623555891,0.7921706607640642,0.6917281890910058,-0.5253538464374841,0.31207306397073664,0.5233762004936937,0.10664470623282059,0.8162933299381935,-0.5082612335722742,-0.35938310051035227,0.6215094941812016,0.8382381615629431,0.6791775615664886,0.08778504268776839,0.053567313956197675,0.7785780369260816,0.6628219343342189,0.2309478231640024,-0.29734826781673196,1.0,0.3774883205931506,0.8535664632657193,0.47678388842219427,0.7768860838519197,0.7691333523278655,-0.4970808414618253,0.8470110624483483,0.8546753446156038,0.8627339922343709,0.7783750615608752,0.6380163293226849,0.8779002685818024,0.7698195479246366,0.6083385881956007,-0.13675936640330524,-0.13930651892007925
QCOM,0.9476190243176696,0.3257795919893501,0.9215987676085474,-0.473688811919921,0.9378735437094994,0.09833073736080412,0.5696868038248106,0.9535691209098242,0.8071671165031223,0.7357346982268734,0.8492910715433897,0.2768895407585939,0.005351961098493455,0.7459405589420993,0.7688933767938154,-0.26885243707764256,0.6197583612677431,0.6382414596224764,0.4195733789646334,0.8550636581273887,0.9398005849086696,0.8566543191702032,0.7600423202845048,0.3153597647397885,0.8472935987730026,0.8199632595809323,0.9016444199846008,0.962103778940397,0.9209318115308442,0.20573402138850103,0.8052864326289298,0.5948255790960852,0.4161747641628432,0.9003951534250647,0.4248609426605093,0.9374020066053076,-0.595895605856223,0.9328050914594695,0.7767138827534462,0.8524166999265439,0.9409755151446412,0.682762607781418,0.942441533498272,0.7672012723361393,0.8774832163203566,0.015182130433056901,0.9388197043494103,0.3774883205931506,1.0,0.8525524992409711,0.699128576886226,-0.03441637310029773,0.9640219813497309,0.798673728849941,0.9378055612882622,0.9166574335387753,0.6251176077102739,0.8994139012534347,0.8290956853152568,0.9363723313752503,0.07674913689064039,0.9325112163938392,0.4452645642144952,-0.020134630766162825
SDIA.L,0.8527806595258901,0.03803053466633179,0.8378144928207594,-0.5147771442676778,0.8118747699519198,-0.5166139974569366,0.05338352038434025,0.8063194324041429,0.8182201363595748,-0.07439121697683225,0.6537856823706913,0.6450094245268703,0.6216000284056465,0.6574270743200602,0.7632520852519467,0.48484363543768605,0.32022734336497977,0.7436628139204928,0.07460438544865824,0.37353769256263786,0.8647177525174228,0.6522235041839475,0.8672596286423659,0.634999606792683,0.9244248239723991,0.6965832412404226,0.5291414871987493,0.8684462214662937,0.8258553509665396,0.5540018861915287,0.47327444551110465,0.2337024305772215,0.5602993747152255,0.8773056603954978,0.27607022056886366,0.9401957525722051,-0.6182705290305558,0.6459753932621727,-0.0038226357983028435,0.5463715206956931,0.8926336035282532,0.11981644020638405,0.7703406845847429,0.8051240899702637,0.8171310942106195,-0.6176020378126631,0.6447149689264139,0.8535664632657193,0.8525524992409711,1.0,0.41623751498740974,0.6304491823506986,0.9010345456730678,0.04530831570913968,0.9227878703431847,0.9406648749215657,0.9164654470423268,0.8275140833807213,0.7907303837111402,0.9053688377355119,0.23448781360960713,0.8267539736537352,0.4112221559108631,0.1331947073017497
SHELL.AS,0.747458189968901,0.6937253914090752,0.7190537795879126,-0.2997103858255467,0.7664756815439274,-0.41028806427791137,0.15237252075166208,0.7201496815485177,0.8093597641303015,0.6348693125056495,0.3802923514203308,0.4401262313010321,-0.17333383719865067,0.5255668335899308,0.4639311949279241,-0.17839955219465342,0.4371581846550783,0.0759141205789922,0.12853357493336276,0.4966852576030534,0.7309348658095857,0.6579813480524849,0.7589946231760819,0.29608023957071744,0.6395675174037708,0.6353295580196842,0.6367054927914174,0.7643145288760895,0.7999271122573209,0.2344924579460692,0.7056366667549988,0.17535463948308178,0.6829288374366824,0.6464605455066816,0.030624072608203552,0.7946903319946866,-0.6983458594957431,0.6963524386586377,0.5281961193224266,0.6922898594498191,0.7637973183726853,0.4350719490434724,0.6458531518612128,0.7528467777349286,0.8200192357720103,-0.27172984409475825,0.7079135345079482,0.47678388842219427,0.699128576886226,0.41623751498740974,1.0,0.07761084945992053,0.7790784856502448,0.5493365187244956,0.7357623539439214,0.7800180355448874,0.5160111473333485,0.8124836541016177,0.6746537286002791,0.7792665138329101,-0.13285745646596106,0.7553433219003003,-0.04879476012716399,-0.2855097856350542
SMFG,0.005741996169125942,0.3883060311237692,-0.13330858646869254,-0.12912402144567392,0.07975922216552092,0.06673089973959982,-0.09683177797189499,-0.003708343188723665,0.8266466963403439,-0.30848580248158086,0.41128280356853136,0.7297133234303866,0.8716639261349057,-0.26564935506045223,0.6798411526766817,0.8733264577763273,-0.3010459553222116,0.48574957361432974,-0.11921088191619375,-0.22201457374811853,-0.14251406572092468,0.23175022757040944,0.9094957387671345,0.40032870919390784,-0.19647830150076412,-0.15111937786751836,-0.27769620094530323,0.004740416286512551,0.6321435822704093,0.8996589907209092,-0.13943242736291453,-0.014280801369448655,0.39726400471676687,-0.2436178171018892,0.13032247491986443,0.0022240673229225504,-0.752364963183639,-0.10200649849526451,-0.2518126239043397,-0.18160921381793982,0.048621884241377165,-0.4079174782018267,-0.154260013317301,0.2767011595660072,0.7088620270824182,-0.10979686573788316,-0.16045259340345358,0.7768860838519197,-0.03441637310029773,0.6304491823506986,0.07761084945992053,1.0,0.0021070804666351714,-0.3256297560995612,0.08530643858379519,0.3992718372414924,0.8325885218737183,0.6369254461420448,-0.13455891429123965,0.04908723080236206,0.33850765367499436,-0.149120844176854,-0.06283037273691516,-0.2382242219206457
SPY,0.9703635862379416,0.5258136115002267,0.9656341180519014,-0.4340119254323411,0.9531417984440822,-0.04532324790846599,0.5660657296727213,0.9592971559240673,0.8818784541468871,0.7915633292669343,0.8130694091313692,0.32466754662750497,-0.07006890560644062,0.7884396919080074,0.8062861475870571,-0.30812089325945213,0.6030473111419281,0.6490935011918854,0.3622908870489736,0.8243046310591717,0.9696372417566915,0.8520773357742827,0.9421856403308483,0.28587014053181536,0.8459160133341138,0.8628449500828869,0.9083658029493897,0.9907353594159582,0.9813443316063373,0.24847214007505572,0.8776651042278372,0.5068047240286397,0.5331265375313715,0.9279271280567635,0.2815355079012265,0.9868696250803373,-0.787912993588958,0.9357047945203241,0.8193396658076906,0.9079976119965033,0.9713921616885032,0.763305455315886,0.9595379220324379,0.8122018585547218,0.9533502422911344,-0.0008131527964351332,0.9581032065144418,0.7691333523278655,0.9640219813497309,0.9010345456730678,0.7790784856502448,0.0021070804666351714,1.0,0.7776024923971565,0.9641188643515798,0.9852494826812688,0.8828621587114281,0.980597318856201,0.8513174498284267,0.9724637188426997,0.04336947103380366,0.9699548452305694,0.40766991794267793,-0.06788917411642456
SQM,0.77728532794675,0.4191422767907783,0.8068525570300119,-0.45324891898680353,0.706587450022257,0.25207963116365334,0.4908841949511974,0.754911814767326,0.3835958713794661,0.7318414404349992,0.6191661999479386,-0.026542346796045425,-0.22189596445865464,0.4925032172589037,-0.7982437952706615,-0.49790598187800705,0.6772960826652703,-0.774176993863476,0.37462891536487547,0.8746657260582952,0.8253491567508874,0.8094770977066589,0.1218936876803095,0.24121058530876924,0.7596404066669213,0.701100552414334,0.8615243305416096,0.6815098828982987,0.5755205533903446,-0.013843091123817961,0.7253100730256177,0.6008160046929266,0.17300729650708202,0.7827646108126068,-0.04094747947715429,0.6501087046044426,0.37040014148524963,0.8011297065397811,0.6789976741682732,0.7666495467777299,0.727820481760759,0.5844995093701064,0.8321440357038216,0.41713313750011843,0.5228001922814964,0.13192222741272192,0.8612111667614866,-0.4970808414618253,0.798673728849941,0.04530831570913968,0.5493365187244956,-0.3256297560995612,0.7776024923971565,1.0,0.6516025911721143,0.5878895085451341,-0.6884103302502781,0.629404659067616,0.6640907117431918,0.7136430664638967,0.07520832368210566,0.8251461924500287,0.4312197336016567,-0.027715116072518756
TSM,0.963519982190048,0.2553353802854268,0.878668997812237,-0.39154455584931686,0.9599470750999987,-0.29041878812368976,0.46678571738001123,0.9450256448454888,0.9361660275070862,0.6606628024846759,0.754520316327138,0.4275495062364024,-0.21312214575125182,0.6976377714506636,0.7841039009237853,-0.3602493582521829,0.4929272411964407,0.7265314495037472,0.27931218721769197,0.7510965348583939,0.8900909228286071,0.7702176390483118,0.912780855345171,0.3671936852255638,0.8233198684397304,0.7395773722180775,0.782062827922291,0.9688085410539634,0.9435633134836793,0.2056564352376441,0.7821520941036366,0.4483955162387543,0.5569731046041037,0.812458187463404,0.33941492738142165,0.9472513401146,-0.6612266052594219,0.8700779011677774,0.6816589772848867,0.7994861779056928,0.9737504061680675,0.6560864302964805,0.8892115347936181,0.9017137541527587,0.9384539933736583,-0.24007310490324324,0.85452626420559,0.8470110624483483,0.9378055612882622,0.9227878703431847,0.7357623539439214,0.08530643858379519,0.9641188643515798,0.6516025911721143,1.0,0.9374087514583955,0.9293511252369423,0.9508065486756648,0.8105415172061792,0.9732166064633905,-0.07116330972795513,0.8905355629890518,0.37534067002720883,-0.10040590807654363
V,0.9508727950685771,0.3760245347560334,0.9656030858173116,-0.44686360500986916,0.9275559486427908,-0.7928154277975354,0.5831583044708805,0.9303168225521243,0.8479910078497106,0.7063902011787769,0.7234545720316975,0.4274232706807587,-0.08974800357267572,0.8292561947074881,0.6527532767166373,0.27682056709194414,0.2230599670034937,0.5411549676052203,0.3391322299966389,0.7287567583811508,0.9680563491568807,0.8623168782555571,0.956134761627791,0.2864800627779972,0.8207228019385228,0.7643957831928504,0.8574390178009238,0.9662824022629671,0.9520199587428377,0.5855908132254171,0.8157582807040922,0.48740592779631836,0.8208850693539287,0.9120770449144182,0.16814183273769448,0.9970869697771395,-0.7348220276481197,0.9177106450736267,0.6937991135561731,0.8482528602593958,0.9626793654322012,0.7545702108512606,0.9459645842156652,0.7770957812828343,0.9097560067088174,-0.5922360578076082,0.9392225638290452,0.8546753446156038,0.9166574335387753,0.9406648749215657,0.7800180355448874,0.3992718372414924,0.9852494826812688,0.5878895085451341,0.9374087514583955,1.0,0.8651261398445369,0.9478267572563853,0.8509132206534593,0.9521802627669214,-0.4116679502329826,0.9784554193887948,0.492024685607198,-0.13116160429967383
VBTC.DE,0.665802968528016,0.16154049733463638,0.6207814438057283,0.32356725353327437,0.6804145410306919,-0.5555774362582889,-0.4075983530620793,0.5186615006761122,0.8582897357230099,0.7882345594240452,0.253132690711916,0.8188464523011377,0.9146963176785596,0.35705933313387167,0.7769137722297443,0.9047622588326917,0.850699295525506,0.8150380913482754,-0.6925067666057058,-0.6527499508948221,0.7369001464150929,0.29147935297484967,0.8006571648313731,0.24841184688326992,0.8613648380346447,0.6733032149277095,-0.43167315549014834,0.8442438988605308,0.6967876292307937,0.8106102094083838,0.7712068041493297,-0.663889200618713,0.3307025774193956,0.5697778874609986,0.30151298501800605,0.8577974819722716,-0.634774048754328,-0.26644148337710666,0.644316312028969,0.8129230192315593,0.7963437467208986,0.10889753854838154,0.05488822798984159,0.8497707756415616,0.7361774390678171,0.2991238248163152,-0.28757661959541914,0.8627339922343709,0.6251176077102739,0.9164654470423268,0.5160111473333485,0.8325885218737183,0.8828621587114281,-0.6884103302502781,0.9293511252369423,0.8651261398445369,1.0,0.869127416887024,0.7102675329114994,0.8686767392817039,0.7985531720671569,0.6431149157003764,-0.30568570311196847,-0.2587656968031631
VHYD.L,0.942654437031316,0.5861622025900538,0.9000260336960744,-0.39663073440732155,0.9510277712729247,-0.5101195616677898,0.4358506840964912,0.9196985960517332,0.8928717187962925,0.49087748653096674,0.7953194008305673,0.6699407352327882,0.28926989510872136,0.6114254614043788,0.7548332987657433,0.756415846673541,0.3926305412809706,0.6085772749532361,0.03724438471335656,0.6298987544818131,0.9532162602609381,0.9160582737629788,0.9215231693208351,0.8178178870951227,0.9064636426496343,0.5728402809954295,0.7224124914207186,0.9617823247206331,0.9675909905397474,0.820287063312258,0.7347399986819596,0.3634013506727402,0.7683571367322483,0.8277658125832974,0.3454813382524668,0.9492313800211223,-0.7415394899070028,0.8592691983549726,0.37908396070847444,0.7909742402171035,0.9565458863384314,0.3844083636302664,0.8478789153925494,0.8595858885407194,0.937818618812762,-0.6220686031342515,0.8620670955222585,0.7783750615608752,0.8994139012534347,0.8275140833807213,0.8124836541016177,0.6369254461420448,0.980597318856201,0.629404659067616,0.9508065486756648,0.9478267572563853,0.869127416887024,1.0,0.8892432115650861,0.935945975930572,0.013684921204652605,0.9479043713961282,0.36241128604469586,0.0648806869459054
VWO,0.8018866231384253,-0.04377697918174387,0.8387091520562847,-0.26487956475186225,0.7882058248122734,-0.49110285326941105,0.7073335462890016,0.8052100886685285,0.732632411272625,0.7767989330105847,0.7594664841081313,0.20430749813743596,-0.34459125765824167,0.7611811784292344,0.8288762050030144,-0.4118949219137708,0.607026753430689,0.8706216877362387,0.4438432854094188,0.7614229129901636,0.8606326881535393,0.677203859976182,0.627430399953165,0.2046288067006235,0.8182229997460929,0.7016528945993985,0.768746817218351,0.8344472494532758,0.829982279220084,0.04871931721386623,0.7773132390407941,0.5667652022528253,0.44681396604460005,0.8144611099523099,0.6751522632434591,0.8497556706550058,-0.206024208094794,0.8119281629928691,0.7639048839526662,0.7850653468064236,0.7940333913334248,0.6798573358679944,0.838229346667244,0.6055712016775293,0.745893218851441,-0.3367962786257859,0.8165929291052648,0.6380163293226849,0.8290956853152568,0.7907303837111402,0.6746537286002791,-0.13455891429123965,0.8513174498284267,0.6640907117431918,0.8105415172061792,0.8509132206534593,0.7102675329114994,0.8892432115650861,1.0,0.8017516458058943,-0.408883040432986,0.8621856686287597,0.5854679129975093,-0.16809110432419289
WMT,0.9365663189038979,0.3248757279067173,0.9491220245913118,-0.40404574263801096,0.9266774219703903,0.270435531855643,0.3641697326657895,0.9118553517272353,0.947840578315271,0.7578945064800287,0.61560588952434,0.4082368299645037,0.17885771787519944,0.7186297600182846,0.6307858781048536,0.05050766201894078,0.6046139477966767,0.5176914488207457,0.240725154658029,0.732056628415076,0.9497206590208176,0.8805986841173451,0.9586806621870695,0.32239921787650044,0.8588986879048617,0.8422499058034513,0.8892183302224606,0.9533726943124773,0.9348835037360427,0.2545876014445717,0.8288685337650378,0.3750178444476492,0.5089090025293992,0.9087082448655754,0.09136501438573646,0.9592191212081892,-0.7140999131424287,0.8555437138489623,0.8483651188937509,0.9067128751826325,0.9503384380842059,0.6904907352588351,0.924719086007499,0.888977904558792,0.9458255030880256,0.3417240132492583,0.9303852135708132,0.8779002685818024,0.9363723313752503,0.9053688377355119,0.7792665138329101,0.04908723080236206,0.9724637188426997,0.7136430664638967,0.9732166064633905,0.9521802627669214,0.8686767392817039,0.935945975930572,0.8017516458058943,1.0,0.11634827456623584,0.9218268419197897,0.3393280783000373,-0.00721255179869531
YPF,-0.029213393981878503,0.352972539890523,0.010457466798805475,0.25460723479660785,-0.020246185382464938,0.7658885067754239,-0.5386724579069888,-0.11002650224441536,0.05819465482120353,0.1294146157583569,0.1021211668004007,0.47415139672356876,0.4940386895005152,-0.6139775768877832,0.6071243093770466,0.050198013547155494,0.41352573162335,0.4126030366442297,-0.3772525345872449,-0.1785202462994348,0.06938798989520116,0.31972616753469624,0.7313718568547094,0.2963042945152702,0.05308024355749643,0.18953956048579582,0.07778347271776564,-0.3976009754975487,-0.1421501892007431,0.33569385352630715,0.023903929485330825,-0.353922439995832,-0.27935272431712793,0.04683723546368565,0.0018093629122026356,-0.42420018984564906,-0.7066830203694383,-0.5177448626140744,0.1467974076468696,0.13396817323740098,-0.026678651806091275,-0.6136369651777822,-0.08140282268491576,0.12364480875580176,0.14556310345313755,0.5367145545230436,0.02400726711948608,0.7698195479246366,0.07674913689064039,0.23448781360960713,-0.13285745646596106,0.33850765367499436,0.04336947103380366,0.07520832368210566,-0.07116330972795513,-0.4116679502329826,0.7985531720671569,0.013684921204652605,-0.408883040432986,0.11634827456623584,1.0,-0.11505693295625903,-0.37473486613854695,-0.09204262195138845
YUM,0.9330082363034229,0.7104785420444863,0.9809853069685792,-0.4767672574224632,0.8842308888791163,-0.16645780470132304,0.6361134714969755,0.9202662311397948,0.7901240980449991,0.8622453146464197,0.8210436730032111,0.17752830497352812,-0.395399900763476,0.8474886244109612,0.6413263499319077,-0.5723672936039189,0.6727837505159394,0.356303715080506,0.39847825128648184,0.8549144297493645,0.9833652839149026,0.8531531600354699,0.8667152424383472,0.19542153651954644,0.8709260796028904,0.8781933217975609,0.9459722232530765,0.951550205444926,0.9561800587868918,0.01905805666158676,0.9097136384376625,0.5315860770157359,0.42670635189645484,0.9603190293072268,0.25582824334990717,0.9757073051392343,-0.6347293640747826,0.9480672277039802,0.8445691246148782,0.9266419626385877,0.9185436907515123,0.8245680309554393,0.9681356940594156,0.6908192615183953,0.8849001777731528,-0.05040549809343371,0.981334947844341,0.6083385881956007,0.9325112163938392,0.8267539736537352,0.7553433219003003,-0.149120844176854,0.9699548452305694,0.8251461924500287,0.8905355629890518,0.9784554193887948,0.6431149157003764,0.9479043713961282,0.8621856686287597,0.9218268419197897,-0.11505693295625903,1.0,0.5324408154237517,-0.18689367395992232
YUMC,0.47085066570991774,-0.36033988807753425,0.44637255773427675,-0.3652048061922443,0.3587909669388973,-0.4577352690140581,0.6581506807747333,0.4889825009652892,0.13888753970136794,-0.34662135351377604,0.5457087864264661,0.009373641114730737,-0.0029169364377320426,0.5910716306781677,-0.2729793184140857,0.06567204758255114,-0.21257654154369046,-0.12753452005811844,0.7367483925263945,0.7004750359129864,0.4113623500595032,0.4140936352118187,0.05528524950071786,0.3555086106911457,0.35764834392604,0.24959407705045483,0.502025023787206,0.39496624995621293,0.36759961007203007,-0.015819176261913877,-0.1439367329052246,0.6603607595449394,0.08779323400052291,0.5291818368164708,0.15032170620640564,0.5031668167454464,0.6768561012299037,0.6607819091846279,-0.11474901148309849,-0.05790714185148055,0.40939294443007335,0.11487188963488704,0.6840497996050899,0.07877806142946961,0.23461036667568805,-0.6514619053439954,0.5425268033669054,-0.13675936640330524,0.4452645642144952,0.4112221559108631,-0.04879476012716399,-0.06283037273691516,0.40766991794267793,0.4312197336016567,0.37534067002720883,0.492024685607198,-0.30568570311196847,0.36241128604469586,0.5854679129975093,0.3393280783000373,-0.37473486613854695,0.5324408154237517,1.0,0.2426157088496705
^VIX,-0.023377671850091857,-0.27796688246742185,-0.04832833685960498,-0.207812824503719,-0.0463311152451955,-0.016875635810471475,0.12480992054053575,-0.07993143735195832,-0.023824904335398252,-0.24530017737103324,-0.13287797766017478,-0.21887519413413395,-0.09789485412552588,-0.22616498322247267,-0.4870375793087238,-0.001564476448699761,-0.25660602778640623,-0.3023851592418595,-0.10320059023536195,-0.05243454546242694,-0.050641791595488754,0.012535822108869256,-0.21334034688699854,0.18750183396172207,-0.06727496023468421,-0.11038849163633292,-0.050508832149618564,-0.036557389020574635,0.05939375399597057,-0.18220608623938608,-0.2984806914490282,0.11968126159532845,-0.0922549438723668,-0.06849253807685722,-0.346078326132125,-0.0719645172774983,0.22730940607951478,-0.015655460860318292,-0.13081706374021476,-0.12826801217095138,-0.015684577438025045,0.09968358416642119,-0.008526578696190334,-0.0869755705333318,0.12000714027306185,-0.22982011519247525,-0.044530759419207935,-0.13930651892007925,-0.020134630766162825,0.1331947073017497,-0.2855097856350542,-0.2382242219206457,-0.06788917411642456,-0.027715116072518756,-0.10040590807654363,-0.13116160429967383,-0.2587656968031631,0.0648806869459054,-0.16809110432419289,-0.00721255179869531,-0.09204262195138845,-0.18689367395992232,0.2426157088496705,1.0
